device,input_type,layers,nodes,batch_size,input_size,output_size,#params,duration,tflops
NVIDIA A100 80GB PCIe, f16,64,8192,16384,8000,600,4298309632,196.7210910320282,214.79193097568475
NVIDIA A100 80GB PCIe, f32,4,1024,16384,8000,200,11542528,5.588688135147095,20.30309520003544
Tesla T4, f16,32,4096,16384,8000,1000,556957696,158.0613076686859,34.63919801444927
Tesla T4, f32,4,512,8192,8000,200,4984832,4.262595653533936,5.748010892397664
